{
  "AWSTemplateFormatVersion": "2010-09-09",
  "Description": "AWS CloudFormation Sample Template mybb_Multi_AZ: mybb is web software you can use to create a beautiful website or blog. This template installs a highly-available, scalable mybb deployment using a multi-az Amazon RDS database instance for storage. It demonstrates using the AWS CloudFormation bootstrap scripts to deploy mybb. **WARNING** This template creates an Amazon EC2 instance, an Elastic Load Balancer and an Amazon RDS database instance. You will be billed for the AWS resources used if you create a stack from this template.",
  "Parameters": {
    "KeyName": {
      "Description": "Name of an existing EC2 KeyPair to enable SSH access to the instances",
      "Type": "AWS::EC2::KeyPair::KeyName",
      "ConstraintDescription": "must be the name of an existing EC2 KeyPair."
    },
    "InstanceType": {
      "Description": "WebServer EC2 instance type",
      "Type": "String",
      "Default": "t2.small",
      "AllowedValues": [
        "t1.micro",
        "t2.nano",
        "t2.micro",
        "t2.small",
        "t2.medium",
        "t2.large",
        "m1.small",
        "m1.medium",
        "m1.large",
        "m1.xlarge",
        "m2.xlarge",
        "m2.2xlarge",
        "m2.4xlarge",
        "m3.medium",
        "m3.large",
        "m3.xlarge",
        "m3.2xlarge",
        "m4.large",
        "m4.xlarge",
        "m4.2xlarge",
        "m4.4xlarge",
        "m4.10xlarge",
        "c1.medium",
        "c1.xlarge",
        "c3.large",
        "c3.xlarge",
        "c3.2xlarge",
        "c3.4xlarge",
        "c3.8xlarge",
        "c4.large",
        "c4.xlarge",
        "c4.2xlarge",
        "c4.4xlarge",
        "c4.8xlarge",
        "g2.2xlarge",
        "g2.8xlarge",
        "r3.large",
        "r3.xlarge",
        "r3.2xlarge",
        "r3.4xlarge",
        "r3.8xlarge",
        "i2.xlarge",
        "i2.2xlarge",
        "i2.4xlarge",
        "i2.8xlarge",
        "d2.xlarge",
        "d2.2xlarge",
        "d2.4xlarge",
        "d2.8xlarge",
        "hi1.4xlarge",
        "hs1.8xlarge",
        "cr1.8xlarge",
        "cc2.8xlarge",
        "cg1.4xlarge"
      ],
      "ConstraintDescription": "must be a valid EC2 instance type."
    },
    "SSHLocation": {
      "Description": "The IP address range that can be used to SSH to the EC2 instances",
      "Type": "String",
      "MinLength": "9",
      "MaxLength": "18",
      "Default": "0.0.0.0/0",
      "AllowedPattern": "(\\d{1,3})\\.(\\d{1,3})\\.(\\d{1,3})\\.(\\d{1,3})/(\\d{1,2})",
      "ConstraintDescription": "must be a valid IP CIDR range of the form x.x.x.x/x."
    },
    "DBClass": {
      "Description": "Database instance class",
      "Type": "String",
      "Default": "db.t2.small",
      "AllowedValues": [
        "db.t1.micro",
        "db.m1.small",
        "db.m1.medium",
        "db.m1.large",
        "db.m1.xlarge",
        "db.m2.xlarge",
        "db.m2.2xlarge",
        "db.m2.4xlarge",
        "db.m3.medium",
        "db.m3.large",
        "db.m3.xlarge",
        "db.m3.2xlarge",
        "db.m4.large",
        "db.m4.xlarge",
        "db.m4.2xlarge",
        "db.m4.4xlarge",
        "db.m4.10xlarge",
        "db.r3.large",
        "db.r3.xlarge",
        "db.r3.2xlarge",
        "db.r3.4xlarge",
        "db.r3.8xlarge",
        "db.m2.xlarge",
        "db.m2.2xlarge",
        "db.m2.4xlarge",
        "db.cr1.8xlarge",
        "db.t2.micro",
        "db.t2.small",
        "db.t2.medium",
        "db.t2.large"
      ],
      "ConstraintDescription": "must select a valid database instance type."
    },
    "DBName": {
      "Default": "mybbdb",
      "Description": "The mybb database name",
      "Type": "String",
      "MinLength": "1",
      "MaxLength": "64",
      "AllowedPattern": "[a-zA-Z][a-zA-Z0-9]*",
      "ConstraintDescription": "must begin with a letter and contain only alphanumeric characters."
    },
    "DBUser": {
      "NoEcho": "true",
      "Description": "The mybb database admin account username",
      "Type": "String",
      "MinLength": "1",
      "MaxLength": "16",
      "AllowedPattern": "[a-zA-Z][a-zA-Z0-9]*",
      "ConstraintDescription": "must begin with a letter and contain only alphanumeric characters."
    },
    "DBPassword": {
      "NoEcho": "true",
      "Description": "The mybb database admin account password",
      "Type": "String",
      "MinLength": "8",
      "MaxLength": "41",
      "AllowedPattern": "[a-zA-Z0-9]*",
      "ConstraintDescription": "must contain only alphanumeric characters and the minimum string length is 8."
    },
    "WebServerCapacity": {
      "Default": "2",
      "Description": "The initial number of WebServer instances (recommended value is of at least 2 in order to achieve high-availability from the start)",
      "Type": "Number",
      "MinValue": "2",
      "MaxValue": "5",
      "ConstraintDescription": "must be between 1 and 5 EC2 instances."
    },
    "DBAllocatedStorage": {
      "Default": "5",
      "Description": "The size of the database (Gb)",
      "Type": "Number",
      "MinValue": "5",
      "MaxValue": "1024",
      "ConstraintDescription": "must be between 5 and 1024Gb."
    },
    "MyBBAdminEmail": {
      "Type": "String",
      "Description": "Scaling-related and other notifications will be sent to this EMail address (including admin password reset email).",
      "Default": "admin@example.com",
      "AllowedPattern": "\\w[a-zA-Z0-9_\\-\\.]*@\\w[a-zA-Z0-9\\-\\.]*",
      "ConstraintDescription": "Must be a valid email address!"
    }
  },
  "Mappings": {
    "AWSInstanceType2Arch": {
      "t1.micro": {
        "Arch": "PV64"
      },
      "t2.nano": {
        "Arch": "HVM64"
      },
      "t2.micro": {
        "Arch": "HVM64"
      },
      "t2.small": {
        "Arch": "HVM64"
      },
      "t2.medium": {
        "Arch": "HVM64"
      },
      "t2.large": {
        "Arch": "HVM64"
      },
      "m1.small": {
        "Arch": "PV64"
      },
      "m1.medium": {
        "Arch": "PV64"
      },
      "m1.large": {
        "Arch": "PV64"
      },
      "m1.xlarge": {
        "Arch": "PV64"
      },
      "m2.xlarge": {
        "Arch": "PV64"
      },
      "m2.2xlarge": {
        "Arch": "PV64"
      },
      "m2.4xlarge": {
        "Arch": "PV64"
      },
      "m3.medium": {
        "Arch": "HVM64"
      },
      "m3.large": {
        "Arch": "HVM64"
      },
      "m3.xlarge": {
        "Arch": "HVM64"
      },
      "m3.2xlarge": {
        "Arch": "HVM64"
      },
      "m4.large": {
        "Arch": "HVM64"
      },
      "m4.xlarge": {
        "Arch": "HVM64"
      },
      "m4.2xlarge": {
        "Arch": "HVM64"
      },
      "m4.4xlarge": {
        "Arch": "HVM64"
      },
      "m4.10xlarge": {
        "Arch": "HVM64"
      },
      "c1.medium": {
        "Arch": "PV64"
      },
      "c1.xlarge": {
        "Arch": "PV64"
      },
      "c3.large": {
        "Arch": "HVM64"
      },
      "c3.xlarge": {
        "Arch": "HVM64"
      },
      "c3.2xlarge": {
        "Arch": "HVM64"
      },
      "c3.4xlarge": {
        "Arch": "HVM64"
      },
      "c3.8xlarge": {
        "Arch": "HVM64"
      },
      "c4.large": {
        "Arch": "HVM64"
      },
      "c4.xlarge": {
        "Arch": "HVM64"
      },
      "c4.2xlarge": {
        "Arch": "HVM64"
      },
      "c4.4xlarge": {
        "Arch": "HVM64"
      },
      "c4.8xlarge": {
        "Arch": "HVM64"
      },
      "g2.2xlarge": {
        "Arch": "HVMG2"
      },
      "g2.8xlarge": {
        "Arch": "HVMG2"
      },
      "r3.large": {
        "Arch": "HVM64"
      },
      "r3.xlarge": {
        "Arch": "HVM64"
      },
      "r3.2xlarge": {
        "Arch": "HVM64"
      },
      "r3.4xlarge": {
        "Arch": "HVM64"
      },
      "r3.8xlarge": {
        "Arch": "HVM64"
      },
      "i2.xlarge": {
        "Arch": "HVM64"
      },
      "i2.2xlarge": {
        "Arch": "HVM64"
      },
      "i2.4xlarge": {
        "Arch": "HVM64"
      },
      "i2.8xlarge": {
        "Arch": "HVM64"
      },
      "d2.xlarge": {
        "Arch": "HVM64"
      },
      "d2.2xlarge": {
        "Arch": "HVM64"
      },
      "d2.4xlarge": {
        "Arch": "HVM64"
      },
      "d2.8xlarge": {
        "Arch": "HVM64"
      },
      "hi1.4xlarge": {
        "Arch": "HVM64"
      },
      "hs1.8xlarge": {
        "Arch": "HVM64"
      },
      "cr1.8xlarge": {
        "Arch": "HVM64"
      },
      "cc2.8xlarge": {
        "Arch": "HVM64"
      }
    },
    "AWSInstanceType2NATArch": {
      "t1.micro": {
        "Arch": "NATPV64"
      },
      "t2.nano": {
        "Arch": "NATHVM64"
      },
      "t2.micro": {
        "Arch": "NATHVM64"
      },
      "t2.small": {
        "Arch": "NATHVM64"
      },
      "t2.medium": {
        "Arch": "NATHVM64"
      },
      "t2.large": {
        "Arch": "NATHVM64"
      },
      "m1.small": {
        "Arch": "NATPV64"
      },
      "m1.medium": {
        "Arch": "NATPV64"
      },
      "m1.large": {
        "Arch": "NATPV64"
      },
      "m1.xlarge": {
        "Arch": "NATPV64"
      },
      "m2.xlarge": {
        "Arch": "NATPV64"
      },
      "m2.2xlarge": {
        "Arch": "NATPV64"
      },
      "m2.4xlarge": {
        "Arch": "NATPV64"
      },
      "m3.medium": {
        "Arch": "NATHVM64"
      },
      "m3.large": {
        "Arch": "NATHVM64"
      },
      "m3.xlarge": {
        "Arch": "NATHVM64"
      },
      "m3.2xlarge": {
        "Arch": "NATHVM64"
      },
      "m4.large": {
        "Arch": "NATHVM64"
      },
      "m4.xlarge": {
        "Arch": "NATHVM64"
      },
      "m4.2xlarge": {
        "Arch": "NATHVM64"
      },
      "m4.4xlarge": {
        "Arch": "NATHVM64"
      },
      "m4.10xlarge": {
        "Arch": "NATHVM64"
      },
      "c1.medium": {
        "Arch": "NATPV64"
      },
      "c1.xlarge": {
        "Arch": "NATPV64"
      },
      "c3.large": {
        "Arch": "NATHVM64"
      },
      "c3.xlarge": {
        "Arch": "NATHVM64"
      },
      "c3.2xlarge": {
        "Arch": "NATHVM64"
      },
      "c3.4xlarge": {
        "Arch": "NATHVM64"
      },
      "c3.8xlarge": {
        "Arch": "NATHVM64"
      },
      "c4.large": {
        "Arch": "NATHVM64"
      },
      "c4.xlarge": {
        "Arch": "NATHVM64"
      },
      "c4.2xlarge": {
        "Arch": "NATHVM64"
      },
      "c4.4xlarge": {
        "Arch": "NATHVM64"
      },
      "c4.8xlarge": {
        "Arch": "NATHVM64"
      },
      "g2.2xlarge": {
        "Arch": "NATHVMG2"
      },
      "g2.8xlarge": {
        "Arch": "NATHVMG2"
      },
      "r3.large": {
        "Arch": "NATHVM64"
      },
      "r3.xlarge": {
        "Arch": "NATHVM64"
      },
      "r3.2xlarge": {
        "Arch": "NATHVM64"
      },
      "r3.4xlarge": {
        "Arch": "NATHVM64"
      },
      "r3.8xlarge": {
        "Arch": "NATHVM64"
      },
      "i2.xlarge": {
        "Arch": "NATHVM64"
      },
      "i2.2xlarge": {
        "Arch": "NATHVM64"
      },
      "i2.4xlarge": {
        "Arch": "NATHVM64"
      },
      "i2.8xlarge": {
        "Arch": "NATHVM64"
      },
      "d2.xlarge": {
        "Arch": "NATHVM64"
      },
      "d2.2xlarge": {
        "Arch": "NATHVM64"
      },
      "d2.4xlarge": {
        "Arch": "NATHVM64"
      },
      "d2.8xlarge": {
        "Arch": "NATHVM64"
      },
      "hi1.4xlarge": {
        "Arch": "NATHVM64"
      },
      "hs1.8xlarge": {
        "Arch": "NATHVM64"
      },
      "cr1.8xlarge": {
        "Arch": "NATHVM64"
      },
      "cc2.8xlarge": {
        "Arch": "NATHVM64"
      }
    },
    "AWSRegionArch2AMI": {
      "us-east-1": {
        "PV64": "ami-2a69aa47",
        "HVM64": "ami-6869aa05",
        "HVMG2": "ami-648d9973"
      },
      "us-west-2": {
        "PV64": "ami-7f77b31f",
        "HVM64": "ami-7172b611",
        "HVMG2": "ami-09cd7a69"
      },
      "us-west-1": {
        "PV64": "ami-a2490dc2",
        "HVM64": "ami-31490d51",
        "HVMG2": "ami-1e5f0e7e"
      },
      "eu-west-1": {
        "PV64": "ami-4cdd453f",
        "HVM64": "ami-f9dd458a",
        "HVMG2": "ami-b4694ac7"
      },
      "eu-west-2": {
        "PV64": "NOT_SUPPORTED",
        "HVM64": "ami-886369ec",
        "HVMG2": "NOT_SUPPORTED"
      },
      "eu-central-1": {
        "PV64": "ami-6527cf0a",
        "HVM64": "ami-ea26ce85",
        "HVMG2": "ami-de5191b1"
      },
      "ap-northeast-1": {
        "PV64": "ami-3e42b65f",
        "HVM64": "ami-374db956",
        "HVMG2": "ami-df9ff4b8"
      },
      "ap-northeast-2": {
        "PV64": "NOT_SUPPORTED",
        "HVM64": "ami-2b408b45",
        "HVMG2": "NOT_SUPPORTED"
      },
      "ap-southeast-1": {
        "PV64": "ami-df9e4cbc",
        "HVM64": "ami-a59b49c6",
        "HVMG2": "ami-8d8d23ee"
      },
      "ap-southeast-2": {
        "PV64": "ami-63351d00",
        "HVM64": "ami-dc361ebf",
        "HVMG2": "ami-cbaf94a8"
      },
      "ap-south-1": {
        "PV64": "NOT_SUPPORTED",
        "HVM64": "ami-ffbdd790",
        "HVMG2": "ami-decdbab1"
      },
      "us-east-2": {
        "PV64": "NOT_SUPPORTED",
        "HVM64": "ami-f6035893",
        "HVMG2": "NOT_SUPPORTED"
      },
      "ca-central-1": {
        "PV64": "NOT_SUPPORTED",
        "HVM64": "ami-730ebd17",
        "HVMG2": "NOT_SUPPORTED"
      },
      "sa-east-1": {
        "PV64": "ami-1ad34676",
        "HVM64": "ami-6dd04501",
        "HVMG2": "NOT_SUPPORTED"
      },
      "cn-north-1": {
        "PV64": "ami-77559f1a",
        "HVM64": "ami-8e6aa0e3",
        "HVMG2": "NOT_SUPPORTED"
      }
    }
  },
  "Conditions": {
    "Is-EC2-VPC": {
      "Fn::Or": [
        {
          "Fn::Equals": [
            {
              "Ref": "AWS::Region"
            },
            "eu-central-1"
          ]
        },
        {
          "Fn::Equals": [
            {
              "Ref": "AWS::Region"
            },
            "cn-north-1"
          ]
        },
        {
          "Fn::Equals": [
            {
              "Ref": "AWS::Region"
            },
            "ap-northeast-2"
          ]
        }
      ]
    },
    "Is-EC2-Classic": {
      "Fn::Not": [
        {
          "Condition": "Is-EC2-VPC"
        }
      ]
    }
  },
  "Resources": {
    "S3LogBucket": {
      "Type": "AWS::S3::Bucket",
      "DeletionPolicy": "Retain"
    },
    "S3LogBucketPolicy": {
      "Type": "AWS::S3::BucketPolicy",
      "Properties": {
        "Bucket": { "Ref": "S3LogBucket" },
        "PolicyDocument": {
          "Statement": [
            {
              "Effect": "Allow",
              "Resource": { "Fn::Join": [ "", [ "arn:aws:s3:::", { "Ref": "S3LogBucket" }, "/*" ]] },
              "Principal": "*",
              "Action": [ "s3:PutObject" ]
            }
          ]
        }
      }
    },
    "S3UploadsFolderBucket": {
      "Type": "AWS::S3::Bucket",
      "DeletionPolicy": "Retain"
    },
    "S3UploadsFolderBucketPolicy": {
      "Type": "AWS::S3::BucketPolicy",
      "Properties": {
        "Bucket": { "Ref": "S3UploadsFolderBucket" },
        "PolicyDocument": {
          "Statement": [
            {
              "Effect": "Allow",
              "Resource": { "Fn::Join": [ "", [ "arn:aws:s3:::", { "Ref": "S3UploadsFolderBucket" }, "/*" ]] },
              "Principal": "*",
              "Action": [ "s3:*" ]
            }
          ]
        }
      }
    },
    "UploadsFolderUser":{
      "Type" : "AWS::IAM::User",
      "DependsOn": "S3UploadsFolderBucketPolicy",
      "Properties" : {
        "Path" : "/",
        "Policies" : [{
          "PolicyName" : "AccessToUploadsFolderBucket",
          "PolicyDocument":{
            "Version":"2012-10-17",
            "Statement": [{
              "Effect": "Allow",
              "Resource": "*",
              "Action": ["s3:*"]
            }]
          }
        }]
      }
    },
    "UploadsFolderUserKey" : {
      "Type" : "AWS::IAM::AccessKey",
      "Properties" : {
        "UserName" : { "Ref" : "UploadsFolderUser" }
      }
    },
    "NotificationTopic": {
      "Type": "AWS::SNS::Topic",
      "Properties": {
        "Subscription": [
          {"Endpoint": {"Ref": "MyBBAdminEmail" },"Protocol": "email" }
        ]
      }
    },
    "ElasticLoadBalancer": {
      "Type": "AWS::ElasticLoadBalancing::LoadBalancer",
      "DependsOn": "S3LogBucketPolicy",
      "Properties": {
        "AvailabilityZones": {
          "Fn::GetAZs": ""
        },
        "CrossZone": "true",
        "LBCookieStickinessPolicy": [
          {
            "PolicyName": "CookieBasedPolicy",
            "CookieExpirationPeriod": "30"
          }
        ],
        "Listeners": [
          {
            "LoadBalancerPort": "80",
            "InstancePort": "80",
            "Protocol": "HTTP",
            "PolicyNames": [
              "CookieBasedPolicy"
            ]
          }
        ],
        "HealthCheck": {
          "Target": "HTTP:80/",
          "HealthyThreshold": "2",
          "UnhealthyThreshold": "5",
          "Interval": "10",
          "Timeout": "5"
        },
        "AccessLoggingPolicy": {
          "S3BucketName": { "Ref": "S3LogBucket" },
          "S3BucketPrefix": "elb-www-logs",
          "Enabled": "true",
          "EmitInterval": "5"
        }
      },
      "Metadata": {
        "AWS::CloudFormation::Designer": {
          "id": "71b80739-9593-46ed-b852-07e7bc789724"
        }
      }
    },
    "WebServerSecurityGroup": {
      "Type": "AWS::EC2::SecurityGroup",
      "Properties": {
        "GroupDescription": "Enable HTTP access via port 80 locked down to the load balancer + SSH access",
        "SecurityGroupIngress": [
          {
            "IpProtocol": "tcp",
            "FromPort": "80",
            "ToPort": "80",
            "SourceSecurityGroupOwnerId": {
              "Fn::GetAtt": [
                "ElasticLoadBalancer",
                "SourceSecurityGroup.OwnerAlias"
              ]
            },
            "SourceSecurityGroupName": {
              "Fn::GetAtt": [
                "ElasticLoadBalancer",
                "SourceSecurityGroup.GroupName"
              ]
            }
          },
          {
            "IpProtocol": "tcp",
            "FromPort": "22",
            "ToPort": "22",
            "CidrIp": {
              "Ref": "SSHLocation"
            }
          }
        ]
      },
      "Metadata": {
        "AWS::CloudFormation::Designer": {
          "id": "6d58e0d9-990e-436a-a064-7f08d069bb0a"
        }
      }
    },
    "WebServerGroup": {
      "Type": "AWS::AutoScaling::AutoScalingGroup",
      "Properties": {
        "AvailabilityZones": {
          "Fn::GetAZs": ""
        },
        "LaunchConfigurationName": {
          "Ref": "LaunchConfig"
        },
        "HealthCheckType": "ELB",
        "HealthCheckGracePeriod": 120,
        "MinSize": "2",
        "MaxSize": "5",
        "DesiredCapacity": {
          "Ref": "WebServerCapacity"
        },
        "MetricsCollection": [
          {
            "Granularity": "1Minute"
          }
        ],
        "LoadBalancerNames": [
          {
            "Ref": "ElasticLoadBalancer"
          }
        ],
        "NotificationConfigurations": [
          {
            "TopicARN": { "Ref": "NotificationTopic" },
            "NotificationTypes": [
              "autoscaling:EC2_INSTANCE_LAUNCH",
              "autoscaling:EC2_INSTANCE_LAUNCH_ERROR",
              "autoscaling:EC2_INSTANCE_TERMINATE",
              "autoscaling:EC2_INSTANCE_TERMINATE_ERROR"
            ]
          }
        ]
      },
      "CreationPolicy": {
        "ResourceSignal": {
          "Timeout": "PT15M"
        }
      },
      "UpdatePolicy": {
        "AutoScalingRollingUpdate": {
          "MinInstancesInService": "2",
          "MaxBatchSize": "2",
          "PauseTime": "PT15M",
          "WaitOnResourceSignals": "true"
        }
      },
      "Metadata": {
        "AWS::CloudFormation::Designer": {
          "id": "393d0b7e-7d24-4bcd-91bd-0a366fe73619"
        }
      }
    },
    "LaunchConfig": {
      "Type": "AWS::AutoScaling::LaunchConfiguration",
      "Metadata": {
        "AWS::CloudFormation::Init": {
          "configSets": {
            "mybb_install": [
              "install_cfn",
              "download_mybb",
              "configure_mybb",
              "add_s3_as_upload_folder"
            ]
          },
          "install_cfn": {
            "files": {
              "/etc/cfn/cfn-hup.conf": {
                "content": {
                  "Fn::Join": [
                    "",
                    [
                      "[main]\n",
                      "stack=",
                      {
                        "Ref": "AWS::StackId"
                      },
                      "\n",
                      "region=",
                      {
                        "Ref": "AWS::Region"
                      },
                      "\n"
                    ]
                  ]
                },
                "mode": "000400",
                "owner": "root",
                "group": "root"
              },
              "/etc/cfn/hooks.d/cfn-auto-reloader.conf": {
                "content": {
                  "Fn::Join": [
                    "",
                    [
                      "[cfn-auto-reloader-hook]\n",
                      "triggers=post.update\n",
                      "path=Resources.LaunchConfig.Metadata.AWS::CloudFormation::Init\n",
                      "action=/opt/aws/bin/cfn-init -v ",
                      "         --stack ",
                      {
                        "Ref": "AWS::StackName"
                      },
                      "         --resource LaunchConfig ",
                      "         --configsets mybb_install ",
                      "         --region ",
                      {
                        "Ref": "AWS::Region"
                      },
                      "\n"
                    ]
                  ]
                },
                "mode": "000400",
                "owner": "root",
                "group": "root"
              }
            },
            "services": {
              "sysvinit": {
                "cfn-hup": {
                  "enabled": "true",
                  "ensureRunning": "true",
                  "files": [
                    "/etc/cfn/cfn-hup.conf",
                    "/etc/cfn/hooks.d/cfn-auto-reloader.conf"
                  ]
                }
              }
            }
          },
          "download_mybb": {
            "packages": {
              "yum": {
                "php": [],
                "php-mysql": [],
                "mysql": [],
                "httpd": [],
                "php-mbstring": [],
                "php-gd": [],
                "unzip": [],
                "memcached": [],
                "git": [],
                "gcc": [],
                "libstdc++-devel": [],
                "gcc-c++": [],
                "fuse": [],
                "fuse-devel": [],
                "libcurl-devel": [],
                "libxml2-devel": [],
                "openssl-devel": [],
                "mailcap": [],
                "automake": [],
                "telnet": [],
                "at": []
              }
            },
            "files":{
              "/tmp/mybb_code.zip":{
                "source": "https://codeload.github.com/NETBEARS-IT-Outsourcing/MyBB-cloudformation-highavailability/zip/master",
                "mode":"000666",
                "owner":"root",
                "group":"root"
              },              
              "/tmp/deploy-mybb":{
                "content": {
                  "Fn::Join": [
                    "",
                    [
                      "#!/bin/bash\n",
                      "mkdir -p /opt/release/old && cd /opt/release/old && rm -rf /opt/release/old/ && cd /var/www/html && scp -rp . /opt/release/old/ \n",
                      "cd /tmp && unzip -o /tmp/mybb_code.zip -d /opt/mybb \n",
                      "cd /opt/mybb/MyBB-cloudformation-highavailability-master && mkdir -p /opt/release/new && scp -rp . /opt/release/new/ && scp -rp . /var/www/html/ \n"
                    ]
                  ]
                },
                "mode": "000500",
                "owner": "root",
                "group": "root"
              }
            },
            "commands": {
              "01_configure_mybb": {
                "command": "/tmp/deploy-mybb",
                "cwd": "/tmp"
              }
            },
            "services": {
              "sysvinit": {
                "httpd": {
                  "enabled": "true",
                  "ensureRunning": "true"
                },
                "memcached":{
                  "enabled": "true",
                  "ensureRunning": "true"
                }
              }
            }
          },
          "configure_mybb": {
            "files":{
              "/var/www/html/inc/config.php":{
                "content":{
                  "Fn::Join": [
                    "",
                    [
                      "<?php\n",
                      "$config['database']['type'] = 'mysqli';\n",
                      "$config['database']['database'] = '",
                      {
                        "Ref": "DBName"
                      },
                      "';\n",
                      "$config['database']['table_prefix'] = 'mybb_';\n",
                      "$config['database']['hostname'] = '",
                      {
                        "Fn::GetAtt": [
                          "DBInstance",
                          "Endpoint.Address"
                        ]
                      },
                      ":3306';\n",
                      "$config['database']['username'] = '",
                      {
                        "Ref": "DBUser"
                      },
                      "';\n",
                      "$config['database']['password'] = '",
                      {
                        "Ref": "DBPassword"
                      },
                      "';\n",
                      "$config['admin_dir'] = 'admin';\n",
                      "$config['hide_admin_links'] = 0;\n",
                      "$config['cache_store'] = 'db';\n",
                      "$config['memcache']['host'] = 'localhost';\n",
                      "$config['memcache']['port'] = 11211;\n",
                      "$config['super_admins'] = '1';\n",
                      "$config['database']['encoding'] = 'utf8';\n",
                      "$config['log_pruning'] = array(\n",
                      "        'admin_logs' => 365, // Administrator logs\n",
                      "        'mod_logs' => 365, // Moderator logs\n",
                      "        'task_logs' => 30, // Scheduled task logs\n",
                      "        'mail_logs' => 180, // Mail error logs\n",
                      "        'user_mail_logs' => 180, // User mail logs\n",
                      "        'promotion_logs' => 180 // Promotion logs\n",
                      ");\n",
                      "$config['secret_pin'] = '';"
                    ]
                  ]
                },
                "mode":"000666",
                "owner":"root",
                "group":"root"
              }
            },
            "commands":{
              "install": {
                "command": "/bin/bash ./install.sh",
                "cwd": "/var/www/html/aws_config",
                "env": {
                  "MYBB_DOMAINNAME": {"Fn::GetAtt": ["ElasticLoadBalancer","DNSName"]},
                  "MYBB_ADMINEMAIL": {"Ref":"MyBBAdminEmail"},
                  "MYBB_DBNAME": { "Ref": "DBName" },
                  "MYBB_DBUSERNAME": { "Ref": "DBUser" },
                  "MYBB_DBPASSWORD": { "Ref": "DBPassword" },
                  "MYBB_DBHOSTNAME": {"Fn::GetAtt": ["DBInstance","Endpoint.Address"]},
                  "MYBB_DBPORT": "3306"
                }
              }
            }
          },
          "add_s3_as_upload_folder":{
            "files":{
              "/tmp/s3fs.zip":{
                "source": "https://github.com/s3fs-fuse/s3fs-fuse/archive/master.zip",
                "mode":"000666",
                "owner":"root",
                "group":"root"
              },
              "/etc/passwd-s3fs":{
                "content":{
                  "Fn::Join":[
                    "",
                    [
                      {"Ref":"UploadsFolderUserKey"},
                      ":",
                      {"Fn::GetAtt" : [ "UploadsFolderUserKey", "SecretAccessKey" ]}
                    ]
                  ]
                },
                "mode":"000600",
                "owner":"root",
                "group":"root"
              },
              "/etc/fuse.conf":{
                "content":{
                  "Fn::Join":[
                    "",
                    ["user_allow_other"]
                  ]
                },
                "mode":"000644",
                "owner":"root",
                "group":"root"
              },
              "/tmp/mount_s3fs_folder":{
                "content": {
                  "Fn::Join": [
                    "",
                    [
                      "#!/bin/bash\n",
                      "uid=$(id -u root) && gid=$(id -g root) && s3fs ",
                      { "Ref": "S3UploadsFolderBucket" },
                      ":/ /var/www/html/uploads -o nonempty -o uid=$uid -o gid=$gid -o use_cache=/tmp -o allow_other -o passwd_file=/etc/passwd-s3fs"
                    ]
                  ]
                },
                "mode": "000500",
                "owner": "root",
                "group": "root"
              }
            },
            "commands":{
              "01_unzip_s3fs":{
                "command":"sudo unzip -o /tmp/s3fs.zip -d /opt && rm -rf /tmp/s3fs.zip",
                "cwd": "/tmp"
              },
              "02_install_s3fs":{
                "command":"./autogen.sh && ./configure --prefix=/usr && make && sudo make install",
                "cwd":"/opt/s3fs-fuse-master"
              },
              "03_mount_s3fs":{
                "command": "/tmp/mount_s3fs_folder",
                "cwd": "/tmp"
              },
              "04_add_blank_index_in_uploads":{
                "command":"rm -f index.html && cp ./../aws_config/uploads_folder/index.html index.html",
                "cwd": "/var/www/html/uploads"
              },
              "05_add_blank_index_in_uploads_avatars":{
                "command":"rm -f ./avatars/index.html && mkdir -p avatars && cp ./../aws_config/uploads_folder/avatars/index.html ./avatars/index.html",
                "cwd": "/var/www/html/uploads"
              }
            }

          }
        },
        "AWS::CloudFormation::Designer": {
          "id": "8a08b4e7-e69e-48dd-aa6e-3928dc7f9f67"
        }
      },
      "Properties": {
        "ImageId": {
          "Fn::FindInMap": [
            "AWSRegionArch2AMI",
            {
              "Ref": "AWS::Region"
            },
            {
              "Fn::FindInMap": [
                "AWSInstanceType2Arch",
                {
                  "Ref": "InstanceType"
                },
                "Arch"
              ]
            }
          ]
        },
        "InstanceType": {
          "Ref": "InstanceType"
        },
        "SecurityGroups": [
          {
            "Ref": "WebServerSecurityGroup"
          }
        ],
        "KeyName": {
          "Ref": "KeyName"
        },
        "UserData": {
          "Fn::Base64": {
            "Fn::Join": [
              "",
              [
                "#!/bin/bash -xe\n",
                "yum update -y aws-cfn-bootstrap\n",
                "/opt/aws/bin/cfn-init -v ",
                "         --stack ",
                {
                  "Ref": "AWS::StackName"
                },
                "         --resource LaunchConfig ",
                "         --configsets mybb_install ",
                "         --region ",
                {
                  "Ref": "AWS::Region"
                },
                "\n",
                "/opt/aws/bin/cfn-signal -e $? ",
                "         --stack ",
                {
                  "Ref": "AWS::StackName"
                },
                "         --resource WebServerGroup ",
                "         --region ",
                {
                  "Ref": "AWS::Region"
                },
                "\n"
              ]
            ]
          }
        }
      }
    },
    "DBSecurityGroup": {
      "Type": "AWS::RDS::DBSecurityGroup",
      "Condition": "Is-EC2-Classic",
      "Properties": {
        "DBSecurityGroupIngress": {
          "EC2SecurityGroupName": {
            "Ref": "WebServerSecurityGroup"
          }
        },
        "GroupDescription": "database access"
      },
      "Metadata": {
        "AWS::CloudFormation::Designer": {
          "id": "7c416a0f-d133-4d0a-a7b7-d892dc59ead8"
        }
      }
    },
    "DBEC2SecurityGroup": {
      "Type": "AWS::EC2::SecurityGroup",
      "Condition": "Is-EC2-VPC",
      "Properties": {
        "GroupDescription": "Open database for access",
        "SecurityGroupIngress": [
          {
            "IpProtocol": "tcp",
            "FromPort": "3306",
            "ToPort": "3306",
            "SourceSecurityGroupName": {
              "Ref": "WebServerSecurityGroup"
            }
          }
        ]
      },
      "Metadata": {
        "AWS::CloudFormation::Designer": {
          "id": "3a3c40c2-752d-41fb-bc81-03617defc6e3"
        }
      }
    },
    "DBInstance": {
      "Type": "AWS::RDS::DBInstance",
      "Properties": {
        "DBName": {
          "Ref": "DBName"
        },
        "Engine": "MySQL",
        "MultiAZ": "true",
        "MasterUsername": {
          "Ref": "DBUser"
        },
        "MasterUserPassword": {
          "Ref": "DBPassword"
        },
        "DBInstanceClass": {
          "Ref": "DBClass"
        },
        "AllocatedStorage": {
          "Ref": "DBAllocatedStorage"
        },
        "VPCSecurityGroups": {
          "Fn::If": [
            "Is-EC2-VPC",
            [
              {
                "Fn::GetAtt": [
                  "DBEC2SecurityGroup",
                  "GroupId"
                ]
              }
            ],
            {
              "Ref": "AWS::NoValue"
            }
          ]
        },
        "DBSecurityGroups": {
          "Fn::If": [
            "Is-EC2-Classic",
            [
              {
                "Ref": "DBSecurityGroup"
              }
            ],
            {
              "Ref": "AWS::NoValue"
            }
          ]
        }
      },
      "Metadata": {
        "AWS::CloudFormation::Designer": {
          "id": "b9db7952-f335-4927-8c6d-5c4850f38cff"
        }
      }
    }
  },
  "Outputs": {
    "WebsiteURL": {
      "Value": {
        "Fn::Join": [
          "",
          [
            "http://",
            {
              "Fn::GetAtt": [
                "ElasticLoadBalancer",
                "DNSName"
              ]
            }
          ]
        ]
      },
      "Description": "mybb Website"
    }
  },
  "Metadata": {
    "AWS::CloudFormation::Designer": {
      "71b80739-9593-46ed-b852-07e7bc789724": {
        "size": {
          "width": 60,
          "height": 60
        },
        "position": {
          "x": 60,
          "y": 90
        },
        "z": 1,
        "embeds": []
      },
      "6d58e0d9-990e-436a-a064-7f08d069bb0a": {
        "size": {
          "width": 60,
          "height": 60
        },
        "position": {
          "x": 180,
          "y": 90
        },
        "z": 1,
        "embeds": [],
        "isrelatedto": [
          "71b80739-9593-46ed-b852-07e7bc789724"
        ]
      },
      "3a3c40c2-752d-41fb-bc81-03617defc6e3": {
        "size": {
          "width": 60,
          "height": 60
        },
        "position": {
          "x": 60,
          "y": 210
        },
        "z": 1,
        "embeds": [],
        "isrelatedto": [
          "6d58e0d9-990e-436a-a064-7f08d069bb0a"
        ]
      },
      "7c416a0f-d133-4d0a-a7b7-d892dc59ead8": {
        "size": {
          "width": 60,
          "height": 60
        },
        "position": {
          "x": 180,
          "y": 210
        },
        "z": 1,
        "embeds": [],
        "isrelatedto": [
          "6d58e0d9-990e-436a-a064-7f08d069bb0a"
        ]
      },
      "b9db7952-f335-4927-8c6d-5c4850f38cff": {
        "size": {
          "width": 60,
          "height": 60
        },
        "position": {
          "x": 300,
          "y": 90
        },
        "z": 1,
        "embeds": [],
        "ismemberof": [
          "7c416a0f-d133-4d0a-a7b7-d892dc59ead8"
        ],
        "isrelatedto": [
          "3a3c40c2-752d-41fb-bc81-03617defc6e3"
        ]
      },
      "8a08b4e7-e69e-48dd-aa6e-3928dc7f9f67": {
        "size": {
          "width": 60,
          "height": 60
        },
        "position": {
          "x": 300,
          "y": 210
        },
        "z": 1,
        "embeds": [],
        "ismemberof": [
          "6d58e0d9-990e-436a-a064-7f08d069bb0a"
        ]
      },
      "393d0b7e-7d24-4bcd-91bd-0a366fe73619": {
        "size": {
          "width": 60,
          "height": 60
        },
        "position": {
          "x": 60,
          "y": 330
        },
        "z": 1,
        "embeds": [],
        "isconnectedto": [
          "71b80739-9593-46ed-b852-07e7bc789724"
        ],
        "isassociatedwith": [
          "8a08b4e7-e69e-48dd-aa6e-3928dc7f9f67"
        ]
      }
    }
  }
}
